{
    "parent": "minecraft:item/generated",
    "textures": {
        "layer0": "minecraft:item/warped_fungus_on_a_stick"
    },
    "overrides": [

        {"predicate": {

            "custom_model_data": 1

            }, 
        
            "model": "item/laser"},

        {"predicate": {

            "custom_model_data": 2

            }, 
        
            "model": "item/fireball"},

        {"predicate": {

            "custom_model_data": 3

            }, 
        
            "model": "item/heal"},

        {"predicate": {

            "custom_model_data": 4

            }, 
        
            "model": "item/jump"},

        {"predicate": {

            "custom_model_data": 5

            }, 
        
            "model": "item/slash"},


        {"predicate": {
        
            "custom_model_data": 6
        
            }, 
                
            "model": "item/kinetic"},

        {"predicate": {
            
            "custom_model_data": 7
            
            }, 
                    
            "model": "item/confusion"},

        {"predicate": {
                
            "custom_model_data": 8
                
            }, 
                        
            "model": "item/strength"},

	{"predicate": {

            "custom_model_data": 9

            }, 
        
            "model": "item/remote"}

    ]
}